what,kind,bundleId,bundleVersion,description,time
activated,workbench,org.eclipse.ui.workbench,3.7.0.I20110519-0100,"",1380658157724
activated,view,org.eclipse.debug.ui,3.7.0.v20110518,"org.eclipse.debug.ui.DebugView",1380658164409
executed,command,org.eclipse.debug.ui,3.7.0.v20110518,"org.eclipse.debug.ui.commands.StepOver",1380658164516
executed,command,org.eclipse.debug.ui,3.7.0.v20110518,"org.eclipse.debug.ui.commands.StepOver",1380658165023
executed,command,org.eclipse.debug.ui,3.7.0.v20110518,"org.eclipse.debug.ui.commands.StepOver",1380658165433
executed,command,org.eclipse.debug.ui,3.7.0.v20110518,"org.eclipse.debug.ui.commands.StepOver",1380658165993
executed,command,org.eclipse.debug.ui,3.7.0.v20110518,"org.eclipse.debug.ui.commands.StepOver",1380658166578
executed,command,org.eclipse.debug.ui,3.7.0.v20110518,"org.eclipse.debug.ui.commands.StepOver",1380658170138
activated,view,org.eclipse.debug.ui,3.7.0.v20110518,"org.eclipse.debug.ui.VariableView",1380658171620
deactivated,workbench,org.eclipse.ui.workbench,3.7.0.I20110519-0100,"",1380658174653
activated,workbench,org.eclipse.ui.workbench,3.7.0.I20110519-0100,"",1380658176004
activated,view,org.eclipse.debug.ui,3.7.0.v20110518,"org.eclipse.debug.ui.DebugView",1380658180540
executed,command,org.eclipse.debug.ui,3.7.0.v20110518,"org.eclipse.debug.ui.commands.StepOver",1380658180671
executed,command,org.eclipse.debug.ui,3.7.0.v20110518,"org.eclipse.debug.ui.commands.StepOver",1380658182058
activated,view,org.eclipse.debug.ui,3.7.0.v20110518,"org.eclipse.debug.ui.VariableView",1380658187182
activated,view,org.eclipse.debug.ui,3.7.0.v20110518,"org.eclipse.debug.ui.DebugView",1380658192186
executed,command,org.eclipse.debug.ui,3.7.0.v20110518,"org.eclipse.debug.ui.commands.StepOver",1380658192286
executed,command,org.eclipse.debug.ui,3.7.0.v20110518,"org.eclipse.debug.ui.commands.StepOver",1380658193838
executed,command,org.eclipse.debug.ui,3.7.0.v20110518,"org.eclipse.debug.ui.commands.StepOver",1380658196695
executed,command,org.eclipse.debug.ui,3.7.0.v20110518,"org.eclipse.debug.ui.commands.StepOver",1380658197949
executed,command,org.eclipse.debug.ui,3.7.0.v20110518,"org.eclipse.debug.ui.commands.StepOver",1380658203615
executed,command,org.eclipse.debug.ui,3.7.0.v20110518,"org.eclipse.debug.ui.commands.StepOver",1380658204777
executed,command,org.eclipse.debug.ui,3.7.0.v20110518,"org.eclipse.debug.ui.commands.StepOver",1380658205649
executed,command,org.eclipse.debug.ui,3.7.0.v20110518,"org.eclipse.debug.ui.commands.StepOver",1380658209648
deactivated,workbench,org.eclipse.ui.workbench,3.7.0.I20110519-0100,"",1380658211680
activated,workbench,org.eclipse.ui.workbench,3.7.0.I20110519-0100,"",1380658213987
executed,command,org.eclipse.debug.ui,3.7.0.v20110518,"org.eclipse.debug.ui.commands.StepOver",1380658215748
executed,command,org.eclipse.debug.ui,3.7.0.v20110518,"org.eclipse.debug.ui.commands.StepOver",1380658216177
executed,command,org.eclipse.debug.ui,3.7.0.v20110518,"org.eclipse.debug.ui.commands.StepOver",1380658216652
executed,command,org.eclipse.debug.ui,3.7.0.v20110518,"org.eclipse.debug.ui.commands.StepOver",1380658217841
executed,command,org.eclipse.debug.ui,3.7.0.v20110518,"org.eclipse.debug.ui.commands.StepOver",1380658218386
executed,command,org.eclipse.debug.ui,3.7.0.v20110518,"org.eclipse.debug.ui.commands.StepOver",1380658221511
activated,view,org.eclipse.debug.ui,3.7.0.v20110518,"org.eclipse.debug.ui.VariableView",1380658223203
deactivated,workbench,org.eclipse.ui.workbench,3.7.0.I20110519-0100,"",1380658226395
activated,workbench,org.eclipse.ui.workbench,3.7.0.I20110519-0100,"",1380658228922
activated,view,org.eclipse.debug.ui,3.7.0.v20110518,"org.eclipse.debug.ui.DebugView",1380658240263
executed,command,org.eclipse.debug.ui,3.7.0.v20110518,"org.eclipse.debug.ui.commands.StepOver",1380658240342
executed,command,org.eclipse.debug.ui,3.7.0.v20110518,"org.eclipse.debug.ui.commands.StepOver",1380658242071
activated,view,org.eclipse.debug.ui,3.7.0.v20110518,"org.eclipse.debug.ui.VariableView",1380658246598
activated,view,org.eclipse.debug.ui,3.7.0.v20110518,"org.eclipse.debug.ui.DebugView",1380658289474
executed,command,org.eclipse.debug.ui,3.7.0.v20110518,"org.eclipse.debug.ui.commands.StepOver",1380658289604
activated,view,org.eclipse.debug.ui,3.7.0.v20110518,"org.eclipse.debug.ui.VariableView",1380658293542
activated,view,org.eclipse.debug.ui,3.7.0.v20110518,"org.eclipse.debug.ui.DebugView",1380658297099
executed,command,org.eclipse.debug.ui,3.7.0.v20110518,"org.eclipse.debug.ui.commands.StepOver",1380658297194
activated,view,org.eclipse.debug.ui,3.7.0.v20110518,"org.eclipse.debug.ui.VariableView",1380658298806
activated,view,org.eclipse.debug.ui,3.7.0.v20110518,"org.eclipse.debug.ui.DebugView",1380658329703
executed,command,org.eclipse.debug.ui,3.7.0.v20110518,"org.eclipse.debug.ui.commands.StepOver",1380658329834
activated,editor,org.eclipse.jdt.ui,3.7.0.v20110531-1200,"org.eclipse.jdt.ui.CompilationUnitEditor",1380658332112
activated,view,org.eclipse.debug.ui,3.7.0.v20110518,"org.eclipse.debug.ui.DebugView",1380658335570
executed,command,org.eclipse.debug.ui,3.7.0.v20110518,"org.eclipse.debug.ui.commands.StepOver",1380658335672
executed,command,org.eclipse.debug.ui,3.7.0.v20110518,"org.eclipse.debug.ui.commands.StepOver",1380658336940
executed,command,org.eclipse.debug.ui,3.7.0.v20110518,"org.eclipse.debug.ui.commands.StepOver",1380658344750
activated,view,org.eclipse.debug.ui,3.7.0.v20110518,"org.eclipse.debug.ui.VariableView",1380658347811
activated,view,org.eclipse.debug.ui,3.7.0.v20110518,"org.eclipse.debug.ui.DebugView",1380658401030
executed,command,org.eclipse.debug.ui,3.7.0.v20110518,"org.eclipse.debug.ui.commands.StepOver",1380658401179
activated,view,org.eclipse.debug.ui,3.7.0.v20110518,"org.eclipse.debug.ui.VariableView",1380658413676
deactivated,workbench,org.eclipse.ui.workbench,3.7.0.I20110519-0100,"",1380658418288
activated,workbench,org.eclipse.ui.workbench,3.7.0.I20110519-0100,"",1380658420917
activated,view,org.eclipse.debug.ui,3.7.0.v20110518,"org.eclipse.debug.ui.DebugView",1380658429553
executed,command,org.eclipse.debug.ui,3.7.0.v20110518,"org.eclipse.debug.ui.commands.StepOver",1380658429675
activated,view,org.eclipse.debug.ui,3.7.0.v20110518,"org.eclipse.debug.ui.VariableView",1380658439640
activated,view,org.eclipse.debug.ui,3.7.0.v20110518,"org.eclipse.debug.ui.DebugView",1380658496967
executed,command,org.eclipse.debug.ui,3.7.0.v20110518,"org.eclipse.debug.ui.commands.StepOver",1380658497133
executed,command,org.eclipse.debug.ui,3.7.0.v20110518,"org.eclipse.debug.ui.commands.StepOver",1380658498287
executed,command,org.eclipse.debug.ui,3.7.0.v20110518,"org.eclipse.debug.ui.commands.StepOver",1380658499234
executed,command,org.eclipse.debug.ui,3.7.0.v20110518,"org.eclipse.debug.ui.commands.StepOver",1380658501218
executed,command,org.eclipse.debug.ui,3.7.0.v20110518,"org.eclipse.debug.ui.commands.StepOver",1380658502921
executed,command,org.eclipse.debug.ui,3.7.0.v20110518,"org.eclipse.debug.ui.commands.StepOver",1380658504865
executed,command,org.eclipse.debug.ui,3.7.0.v20110518,"org.eclipse.debug.ui.commands.StepOver",1380658505363
executed,command,org.eclipse.debug.ui,3.7.0.v20110518,"org.eclipse.debug.ui.commands.StepOver",1380658506848
executed,command,org.eclipse.debug.ui,3.7.0.v20110518,"org.eclipse.debug.ui.commands.StepOver",1380658507435
executed,command,org.eclipse.debug.ui,3.7.0.v20110518,"org.eclipse.debug.ui.commands.StepOver",1380658507946
executed,command,org.eclipse.debug.ui,3.7.0.v20110518,"org.eclipse.debug.ui.commands.StepOver",1380658508409
executed,command,org.eclipse.debug.ui,3.7.0.v20110518,"org.eclipse.debug.ui.commands.StepOver",1380658509398
executed,command,org.eclipse.debug.ui,3.7.0.v20110518,"org.eclipse.debug.ui.commands.StepOver",1380658510035
executed,command,org.eclipse.debug.ui,3.7.0.v20110518,"org.eclipse.debug.ui.commands.StepOver",1380658510589
executed,command,org.eclipse.debug.ui,3.7.0.v20110518,"org.eclipse.debug.ui.commands.StepOver",1380658511219
executed,command,org.eclipse.debug.ui,3.7.0.v20110518,"org.eclipse.debug.ui.commands.StepOver",1380658511592
activated,view,org.eclipse.debug.ui,3.7.0.v20110518,"org.eclipse.debug.ui.VariableView",1380658521137
activated,view,org.eclipse.debug.ui,3.7.0.v20110518,"org.eclipse.debug.ui.DebugView",1380658543239
executed,command,org.eclipse.debug.ui,3.7.0.v20110518,"org.eclipse.debug.ui.commands.StepOver",1380658543378
executed,command,org.eclipse.debug.ui,3.7.0.v20110518,"org.eclipse.debug.ui.commands.StepOver",1380658545047
activated,view,org.eclipse.debug.ui,3.7.0.v20110518,"org.eclipse.debug.ui.VariableView",1380658566547
activated,view,org.eclipse.debug.ui,3.7.0.v20110518,"org.eclipse.debug.ui.DebugView",1380658569460
executed,command,org.eclipse.debug.ui,3.7.0.v20110518,"org.eclipse.debug.ui.commands.StepOver",1380658569567
deactivated,workbench,org.eclipse.ui.workbench,3.7.0.I20110519-0100,"",1380658581555
activated,workbench,org.eclipse.ui.workbench,3.7.0.I20110519-0100,"",1380658591898
deactivated,workbench,org.eclipse.ui.workbench,3.7.0.I20110519-0100,"",1380658592564
activated,workbench,org.eclipse.ui.workbench,3.7.0.I20110519-0100,"",1380658593361
activated,editor,org.eclipse.jdt.ui,3.7.0.v20110531-1200,"org.eclipse.jdt.ui.CompilationUnitEditor",1380658607653
deactivated,workbench,org.eclipse.ui.workbench,3.7.0.I20110519-0100,"",1380659058827
activated,workbench,org.eclipse.ui.workbench,3.7.0.I20110519-0100,"",1380659130747
deactivated,workbench,org.eclipse.ui.workbench,3.7.0.I20110519-0100,"",1380659329657
activated,workbench,org.eclipse.ui.workbench,3.7.0.I20110519-0100,"",1380659346614
activated,view,org.eclipse.ui.console,3.5.100.v20110511,"org.eclipse.ui.console.ConsoleView",1380659620575
activated,perspective,org.eclipse.jdt.ui,3.7.0.v20110531-1200,"org.eclipse.jdt.ui.JavaPerspective",1380659623104
activated,editor,org.eclipse.jdt.ui,3.7.0.v20110531-1200,"org.eclipse.jdt.ui.CompilationUnitEditor",1380659624831
deactivated,workbench,org.eclipse.ui.workbench,3.7.0.I20110519-0100,"",1380659654211
activated,workbench,org.eclipse.ui.workbench,3.7.0.I20110519-0100,"",1380659654892
deactivated,workbench,org.eclipse.ui.workbench,3.7.0.I20110519-0100,"",1380659655672
activated,workbench,org.eclipse.ui.workbench,3.7.0.I20110519-0100,"",1380659980814
activated,view,org.eclipse.ui.console,3.5.100.v20110511,"org.eclipse.ui.console.ConsoleView",1380659990238
deactivated,workbench,org.eclipse.ui.workbench,3.7.0.I20110519-0100,"",1380659993870
activated,workbench,org.eclipse.ui.workbench,3.7.0.I20110519-0100,"",1380659995334
deactivated,workbench,org.eclipse.ui.workbench,3.7.0.I20110519-0100,"",1380660003530
activated,workbench,org.eclipse.ui.workbench,3.7.0.I20110519-0100,"",1380662450361
deactivated,workbench,org.eclipse.ui.workbench,3.7.0.I20110519-0100,"",1380662451949
activated,workbench,org.eclipse.ui.workbench,3.7.0.I20110519-0100,"",1380662453300
closed,workbench,org.eclipse.ui.workbench,3.7.0.I20110519-0100,"",1380662453874
stopped,bundle,org.eclipse.jst.ws.axis.creation.ui,1.0.700.v201104070312,"org.eclipse.jst.ws.axis.creation.ui",1380662454991
stopped,bundle,org.eclipse.jst.ws.axis.consumption.ui,1.0.505.v201004211805,"org.eclipse.jst.ws.axis.consumption.ui",1380662455030
stopped,bundle,org.eclipse.jst.ws.axis.consumption.core,1.0.407.v201104071820,"org.eclipse.jst.ws.axis.consumption.core",1380662455098
stopped,bundle,org.eclipse.jst.ws.axis2.creation.ui,1.0.104.v201004211805,"org.eclipse.jst.ws.axis2.creation.ui",1380662455232
stopped,bundle,org.eclipse.jst.ws.axis2.consumption.ui,1.0.103.v201004211805,"org.eclipse.jst.ws.axis2.consumption.ui",1380662455275
activated,perspective,org.eclipse.jdt.ui,,"org.eclipse.jdt.ui.JavaPerspective",1380712112033
started,bundle,org.eclipse.osgi,3.7.0.v20110613,"org.eclipse.osgi",1380712112034
started,bundle,org.eclipse.equinox.simpleconfigurator,1.0.200.v20110502-1955,"org.eclipse.equinox.simpleconfigurator",1380712112035
started,bundle,com.ibm.icu,4.4.2.v20110208,"com.ibm.icu",1380712112068
started,bundle,org.eclipse.compare,3.5.200.I20110525-0800,"org.eclipse.compare",1380712112084
started,bundle,org.eclipse.compare.core,3.5.200.I20110208-0800,"org.eclipse.compare.core",1380712112085
started,bundle,org.eclipse.core.contenttype,3.4.100.v20110423-0524,"org.eclipse.core.contenttype",1380712112086
started,bundle,org.eclipse.core.databinding.observable,1.4.0.I20110222-0800,"org.eclipse.core.databinding.observable",1380712112086
started,bundle,org.eclipse.core.expressions,3.4.300.v20110228,"org.eclipse.core.expressions",1380712112087
started,bundle,org.eclipse.core.filebuffers,3.5.200.v20110505-0800,"org.eclipse.core.filebuffers",1380712112088
started,bundle,org.eclipse.core.filesystem,1.3.100.v20110423-0524,"org.eclipse.core.filesystem",1380712112089
started,bundle,org.eclipse.core.jobs,3.5.100.v20110404,"org.eclipse.core.jobs",1380712112089
started,bundle,org.eclipse.core.net,1.2.100.I20110511-0800,"org.eclipse.core.net",1380712112090
started,bundle,org.eclipse.core.resources,3.7.100.v20110510-0712,"org.eclipse.core.resources",1380712112091
started,bundle,org.eclipse.core.runtime,3.7.0.v20110110,"org.eclipse.core.runtime",1380712112092
started,bundle,org.eclipse.core.runtime.compatibility,3.2.100.v20100505,"org.eclipse.core.runtime.compatibility",1380712112093
started,bundle,org.eclipse.core.runtime.compatibility.auth,3.2.200.v20110110,"org.eclipse.core.runtime.compatibility.auth",1380712112101
started,bundle,org.eclipse.core.variables,3.2.500.v20110511,"org.eclipse.core.variables",1380712112102
started,bundle,org.eclipse.debug.core,3.7.0.v20110518,"org.eclipse.debug.core",1380712112103
started,bundle,org.eclipse.epp.mpc.ui,1.1.0.I20110525-0742,"org.eclipse.epp.mpc.ui",1380712112104
started,bundle,org.eclipse.epp.usagedata.gathering,1.3.1.R201106061540,"org.eclipse.epp.usagedata.gathering",1380712112104
started,bundle,org.eclipse.epp.usagedata.recording,1.3.1.R201106061540,"org.eclipse.epp.usagedata.recording",1380712112105
started,bundle,org.eclipse.equinox.app,1.3.100.v20110321,"org.eclipse.equinox.app",1380712112105
started,bundle,org.eclipse.equinox.common,3.6.0.v20110523,"org.eclipse.equinox.common",1380712112106
started,bundle,org.eclipse.equinox.ds,1.3.0.v20110502,"org.eclipse.equinox.ds",1380712112106
started,bundle,org.eclipse.equinox.event,1.2.100.v20110502,"org.eclipse.equinox.event",1380712112107
started,bundle,org.eclipse.equinox.p2.core,2.1.0.v20110502-1955,"org.eclipse.equinox.p2.core",1380712112109
started,bundle,org.eclipse.equinox.p2.directorywatcher,1.0.300.v20110502-1955,"org.eclipse.equinox.p2.directorywatcher",1380712112110
started,bundle,org.eclipse.equinox.p2.engine,2.1.0.v20110511,"org.eclipse.equinox.p2.engine",1380712112111
started,bundle,org.eclipse.equinox.p2.metadata,2.1.0.v20110510,"org.eclipse.equinox.p2.metadata",1380712112112
started,bundle,org.eclipse.equinox.p2.metadata.repository,1.2.0.v20110511-1359,"org.eclipse.equinox.p2.metadata.repository",1380712112113
started,bundle,org.eclipse.equinox.p2.operations,2.1.0.v20110511-1821,"org.eclipse.equinox.p2.operations",1380712112114
started,bundle,org.eclipse.equinox.p2.reconciler.dropins,1.1.100.v20110510,"org.eclipse.equinox.p2.reconciler.dropins",1380712112115
started,bundle,org.eclipse.equinox.p2.repository,2.1.0.v20110601,"org.eclipse.equinox.p2.repository",1380712112116
started,bundle,org.eclipse.equinox.p2.ui.sdk.scheduler,1.0.100.v20110502-1955,"org.eclipse.equinox.p2.ui.sdk.scheduler",1380712112117
started,bundle,org.eclipse.equinox.p2.updatechecker,1.1.200.v20110502-1955,"org.eclipse.equinox.p2.updatechecker",1380712112118
started,bundle,org.eclipse.equinox.preferences,3.4.0.v20110502,"org.eclipse.equinox.preferences",1380712112119
started,bundle,org.eclipse.equinox.registry,3.5.100.v20110502,"org.eclipse.equinox.registry",1380712112119
started,bundle,org.eclipse.equinox.security,1.1.0.v20110502,"org.eclipse.equinox.security",1380712112120
started,bundle,org.eclipse.equinox.util,1.0.300.v20110502,"org.eclipse.equinox.util",1380712112121
started,bundle,org.eclipse.help,3.5.100.v20110426,"org.eclipse.help",1380712112122
started,bundle,org.eclipse.jdt.apt.core,3.3.500.v20110420-1015,"org.eclipse.jdt.apt.core",1380712112123
started,bundle,org.eclipse.jdt.apt.pluggable.core,1.0.400.v20110305-1450,"org.eclipse.jdt.apt.pluggable.core",1380712112124
started,bundle,org.eclipse.jdt.core,3.7.0.v_B61,"org.eclipse.jdt.core",1380712112125
started,bundle,org.eclipse.jdt.core.manipulation,1.4.0.v20110505-0800,"org.eclipse.jdt.core.manipulation",1380712112126
started,bundle,org.eclipse.jdt.launching,3.6.0.v20110509,"org.eclipse.jdt.launching",1380712112127
started,bundle,org.eclipse.jdt.ui,3.7.0.v20110531-1200,"org.eclipse.jdt.ui",1380712112127
started,bundle,org.eclipse.jface,3.7.0.I20110522-1430,"org.eclipse.jface",1380712112127
started,bundle,org.eclipse.jsch.core,1.1.300.I20110514-0800,"org.eclipse.jsch.core",1380712112128
started,bundle,org.eclipse.jst.ws.jaxws.utils,1.0.0.v201004171919,"org.eclipse.jst.ws.jaxws.utils",1380712112130
started,bundle,org.eclipse.ltk.core.refactoring,3.5.200.v20110505-0800,"org.eclipse.ltk.core.refactoring",1380712112131
started,bundle,org.eclipse.ltk.ui.refactoring,3.6.0.v20110505-0800,"org.eclipse.ltk.ui.refactoring",1380712112132
started,bundle,org.eclipse.pde.launching,3.6.0.v20110506,"org.eclipse.pde.launching",1380712112133
started,bundle,org.eclipse.pde.ui,3.6.100.v20110603,"org.eclipse.pde.ui",1380712112135
started,bundle,org.eclipse.search,3.7.0.v20110505-0800,"org.eclipse.search",1380712112137
started,bundle,org.eclipse.team.core,3.6.0.I20110525-0800,"org.eclipse.team.core",1380712112138
started,bundle,org.eclipse.team.cvs.core,3.3.400.I20110510-0800,"org.eclipse.team.cvs.core",1380712112140
started,bundle,org.eclipse.team.cvs.ui,3.3.400.I20110510-0800,"org.eclipse.team.cvs.ui",1380712112141
started,bundle,org.eclipse.team.ui,3.6.100.I20110525-0800,"org.eclipse.team.ui",1380712112142
started,bundle,org.eclipse.ui,3.7.0.I20110602-0100,"org.eclipse.ui",1380712112143
started,bundle,org.eclipse.ui.console,3.5.100.v20110511,"org.eclipse.ui.console",1380712112144
started,bundle,org.eclipse.ui.editors,3.7.0.v20110517-0800,"org.eclipse.ui.editors",1380712112144
started,bundle,org.eclipse.ui.forms,3.5.100.v20110425,"org.eclipse.ui.forms",1380712112145
started,bundle,org.eclipse.ui.ide,3.7.0.I20110519-0100,"org.eclipse.ui.ide",1380712112146
started,bundle,org.eclipse.ui.net,1.2.100.I20110511-0800,"org.eclipse.ui.net",1380712112147
started,bundle,org.eclipse.ui.views,3.6.0.I20110412-0800,"org.eclipse.ui.views",1380712112148
started,bundle,org.eclipse.ui.views.log,1.0.200.v20110404,"org.eclipse.ui.views.log",1380712112149
started,bundle,org.eclipse.ui.workbench,3.7.0.I20110519-0100,"org.eclipse.ui.workbench",1380712112149
started,bundle,org.eclipse.ui.workbench.texteditor,3.7.0.v20110505-0800,"org.eclipse.ui.workbench.texteditor",1380712112150
started,bundle,org.eclipse.update.configurator,3.3.100.v20100512,"org.eclipse.update.configurator",1380712112151
started,bundle,org.eclipse.update.core,3.2.500.v20110330,"org.eclipse.update.core",1380712112153
started,bundle,org.eclipse.update.scheduler,3.2.300.v20100512,"org.eclipse.update.scheduler",1380712112153
started,bundle,com.google.gdt.eclipse.designer,2.5.0.r35x201202061313,"com.google.gdt.eclipse.designer",1380712112154
started,bundle,com.google.gdt.eclipse.designer.GXT,2.5.0.r35x201202061331,"com.google.gdt.eclipse.designer.GXT",1380712112155
started,bundle,com.google.gdt.eclipse.designer.SmartGWT,2.5.0.r35x201202061331,"com.google.gdt.eclipse.designer.SmartGWT",1380712112156
started,bundle,com.google.gdt.eclipse.designer.UiBinder,2.5.0.r35x201202061313,"com.google.gdt.eclipse.designer.UiBinder",1380712112157
started,bundle,com.google.gdt.eclipse.designer.hosted,2.5.0.r35x201202052353,"com.google.gdt.eclipse.designer.hosted",1380712112158
started,bundle,org.eclipse.emf.common,2.7.0.v20120127-1122,"org.eclipse.emf.common",1380712112159
started,bundle,org.eclipse.emf.ecore,2.7.0.v20120127-1122,"org.eclipse.emf.ecore",1380712112160
started,bundle,org.eclipse.emf.ecore.xmi,2.7.0.v20120127-1122,"org.eclipse.emf.ecore.xmi",1380712112161
started,bundle,org.eclipse.wst.common.project.facet.core,1.4.201.v201201101553,"org.eclipse.wst.common.project.facet.core",1380712112203
started,bundle,org.eclipse.wst.web,1.1.501.v201201190400,"org.eclipse.wst.web",1380712112204
started,bundle,org.eclipse.gef,3.7.2.v20111106-2020,"org.eclipse.gef",1380712112204
started,bundle,org.eclipse.wb.core,1.5.0.r37x201206111201,"org.eclipse.wb.core",1380712112205
started,bundle,org.eclipse.wb.core.lib,1.5.0.r37x201206111201,"org.eclipse.wb.core.lib",1380712112206
started,bundle,org.eclipse.wb.discovery.core,1.5.0.r37x201206111213,"org.eclipse.wb.discovery.core",1380712112206
started,bundle,com.collabnet.subversion.merge,2.2.4,"com.collabnet.subversion.merge",1380712112207
started,bundle,org.eclipse.mylyn.bugzilla.core,3.8.2.v20120916-1200,"org.eclipse.mylyn.bugzilla.core",1380712112208
started,bundle,org.eclipse.mylyn.bugzilla.ui,3.8.2.v20120916-1200,"org.eclipse.mylyn.bugzilla.ui",1380712112273
started,bundle,org.eclipse.mylyn.commons.core,3.8.2.v20120916-1200,"org.eclipse.mylyn.commons.core",1380712112274
started,bundle,org.eclipse.mylyn.commons.net,3.8.2.v20120916-1200,"org.eclipse.mylyn.commons.net",1380712112274
started,bundle,org.eclipse.mylyn.commons.notifications.core,1.0.2.v20120916-1200,"org.eclipse.mylyn.commons.notifications.core",1380712112275
started,bundle,org.eclipse.mylyn.commons.notifications.feed,1.0.2.v20120916-1200,"org.eclipse.mylyn.commons.notifications.feed",1380712112276
started,bundle,org.eclipse.mylyn.commons.notifications.ui,1.0.2.v20120916-1200,"org.eclipse.mylyn.commons.notifications.ui",1380712112277
started,bundle,org.eclipse.mylyn.commons.ui,3.8.2.v20120916-1200,"org.eclipse.mylyn.commons.ui",1380712112278
started,bundle,org.eclipse.mylyn.commons.workbench,3.8.2.v20120916-1200,"org.eclipse.mylyn.commons.workbench",1380712112278
started,bundle,org.eclipse.mylyn.context.core,3.8.2.v20120916-1200,"org.eclipse.mylyn.context.core",1380712112279
started,bundle,org.eclipse.mylyn.context.tasks.ui,3.8.2.v20120916-1200,"org.eclipse.mylyn.context.tasks.ui",1380712112280
started,bundle,org.eclipse.mylyn.monitor.ui,3.8.2.v20120916-1200,"org.eclipse.mylyn.monitor.ui",1380712112281
started,bundle,org.eclipse.mylyn.tasks.index.core,3.8.2.v20120916-1200,"org.eclipse.mylyn.tasks.index.core",1380712112281
started,bundle,org.eclipse.mylyn.tasks.ui,3.8.2.v20120916-1200,"org.eclipse.mylyn.tasks.ui",1380712112285
started,bundle,org.tigris.subversion.clientadapter,1.6.12,"org.tigris.subversion.clientadapter",1380712112285
started,bundle,org.tigris.subversion.subclipse.core,1.6.18,"org.tigris.subversion.subclipse.core",1380712112286
started,bundle,org.tigris.subversion.subclipse.mylyn,3.0.0,"org.tigris.subversion.subclipse.mylyn",1380712112286
started,bundle,org.tigris.subversion.subclipse.ui,1.6.18,"org.tigris.subversion.subclipse.ui",1380712112288
started,bundle,com.objectaid.uml,1.1.0,"com.objectaid.uml",1380712112288
started,bundle,com.objectaid.uml.addon,1.1.0,"com.objectaid.uml.addon",1380712112289
started,bundle,com.objectaid.uml.cls,1.1.0,"com.objectaid.uml.cls",1380712112289
started,bundle,com.objectaid.uml.seq,1.1.0,"com.objectaid.uml.seq",1380712112290
os,sysinfo,,,"win32",1380712112314
arch,sysinfo,,,"x86_64",1380712112314
ws,sysinfo,,,"win32",1380712112314
locale,sysinfo,,,"en_US",1380712112314
processors,sysinfo,,,"2",1380712112314
java.runtime.name,sysinfo,,,"Java(TM) SE Runtime Environment",1380712112314
java.runtime.version,sysinfo,,,"1.7.0_25-b17",1380712112314
java.specification.name,sysinfo,,,"Java Platform API Specification",1380712112314
java.specification.vendor,sysinfo,,,"Oracle Corporation",1380712112314
java.specification.version,sysinfo,,,"1.7",1380712112314
java.vendor,sysinfo,,,"Oracle Corporation",1380712112314
java.version,sysinfo,,,"1.7.0_25",1380712112314
java.vm.info,sysinfo,,,"mixed mode",1380712112314
java.vm.name,sysinfo,,,"Java HotSpot(TM) 64-Bit Server VM",1380712112314
java.vm.specification.name,sysinfo,,,"Java Virtual Machine Specification",1380712112314
java.vm.specification.vendor,sysinfo,,,"Oracle Corporation",1380712112314
java.vm.specification.version,sysinfo,,,"1.7",1380712112314
java.vm.vendor,sysinfo,,,"Oracle Corporation",1380712112314
java.vm.version,sysinfo,,,"23.25-b01",1380712112314
opened,view,org.eclipse.ui.ide,3.7.0.I20110519-0100,"org.eclipse.ui.views.ProblemView",1380712112795
started,bundle,org.eclipse.jst.common.project.facet.core,1.4.200.v201103170302,"org.eclipse.jst.common.project.facet.core",1380712113036
started,bundle,org.eclipse.jst.ws.jaxrs.core,1.0.300.v201011231608,"org.eclipse.jst.ws.jaxrs.core",1380712113113
started,bundle,org.eclipse.wb.discovery.ui,1.5.0.r37x201206111213,"org.eclipse.wb.discovery.ui",1380712113556
started,bundle,org.eclipse.mylyn.team.ui,3.8.2.v20120916-1200,"org.eclipse.mylyn.team.ui",1380712113582
started,bundle,org.tigris.subversion.subclipse.tools.usage,1.0.1,"org.tigris.subversion.subclipse.tools.usage",1380712113588
deactivated,workbench,org.eclipse.ui.workbench,3.7.0.I20110519-0100,"",1380712113626
activated,workbench,org.eclipse.ui.workbench,3.7.0.I20110519-0100,"",1380725846887
deactivated,workbench,org.eclipse.ui.workbench,3.7.0.I20110519-0100,"",1380725855649
activated,workbench,org.eclipse.ui.workbench,3.7.0.I20110519-0100,"",1380725864932
closed,workbench,org.eclipse.ui.workbench,3.7.0.I20110519-0100,"",1380725865675
stopped,bundle,org.eclipse.jst.ws.axis.creation.ui,1.0.700.v201104070312,"org.eclipse.jst.ws.axis.creation.ui",1380725867357
stopped,bundle,org.eclipse.jst.ws.axis.consumption.ui,1.0.505.v201004211805,"org.eclipse.jst.ws.axis.consumption.ui",1380725867358
stopped,bundle,org.eclipse.jst.ws.axis.consumption.core,1.0.407.v201104071820,"org.eclipse.jst.ws.axis.consumption.core",1380725867359
stopped,bundle,org.eclipse.jst.ws.axis2.creation.ui,1.0.104.v201004211805,"org.eclipse.jst.ws.axis2.creation.ui",1380725867360
stopped,bundle,org.eclipse.jst.ws.axis2.consumption.ui,1.0.103.v201004211805,"org.eclipse.jst.ws.axis2.consumption.ui",1380725867360
stopped,bundle,org.eclipse.jst.ws.axis2.creation.core,1.0.106.v201004211805,"org.eclipse.jst.ws.axis2.creation.core",1380725867410
stopped,bundle,org.eclipse.jst.ws.axis2.consumption.core,1.0.105.v201004211805,"org.eclipse.jst.ws.axis2.consumption.core",1380725867483
